title,author,year
Careers in Focus,Ferguson Publishing Company,2006
Deception Point,Dan Brown,2001
Sapiens,"Yuval Noah Harari, Daniel Casanave, David Vandermeulen, Pierre-Emmanuel Dauzat, Joandomènec Ros i Aragonès, Andoni Sagarna, Xabier Kintana, David Casanave",2011
Space Science,Betsy Rathburn,2019
Space science,"Peter Pentland, Pennie Stoyles",2002
Exploring Space (Science Matters Space Science),Pat York,2004
Space Science,Nick S. Maravell,2006
Space Science,Lisa Jo Rudy,2001
Space Science : STEM in Space,Mark Thompson,2020
Space,"John Farndon, Parker",2003
Space science,"Jame Trefil, Rita Ann Calvo, Kenneth Cutler",2005
Weird Space Science,Virginia Loh-Hagan,2024
Science project ideas about space science,Robert Gardner,2002
Space Science,"Ciaran Murtagh, Collins Big Cat",2021
Space Science,"Ciaran Murtagh, Collins Big Cat",2020
Space Science,"Collins Big Cat Staff, Ciaran Murtagh",2018
Houghton Mifflin Science California,Houghton Mifflin Company Staff,2006
Space science,Helen Whittaker,2011
Space science,"Louise K. Harra, Keith O. Mason",2004
Space Science,"Louise K. Harra, Keith O. Mason",2004
Space Science,HOLT MCDOUGAL,2011
Space science,"Harris, Tim (Ornithologist)",2016
Space Science,"Harris, Tim",2015
Space Science,Helen Whittaker,2011
Space Science,Allan Fowler,2002
Space Science,Unknown,2015
Space Science,John Perritano,2016
Space sciences,Pat Dasch,2002
Space sciences,Gale (Firm),2012
Space sciences,Gale (Firm),2012
Space Science,Grolier Educational,2004
Science Matters-Space Science,Pat York,2003
Earth & Space Science,Gustavo Loret de Mola,2009
Space Science 2015,Astrid Ohlmeier,2015
Advances in Space Science,"Ordway, Frederick I., III, Frederick I. Ordway",2013
Space science,Philip J. Sakimoto,2004
Silly Space Science,"Robin Twiddy, Amy Li",2021
Exploring earth and space science,Unknown,2002
The century of space science,"J. A. M. Bleeker, Johannes Geiss, Huber, M.",2001
Packing for Mars,Mary Roach,2010
Space (Science Museum),Philip Wilkinson,2003
Exploring earth and space science,Unknown,2002
Exploring earth and space science,Unknown,2002
Exploring earth and space science,Unknown,2002
Exploring earth and space science,Unknown,2002
Hidden Figures,Margot Lee Shetterly,2016
Houghton Mifflin Science Leveled Readers,Houghton Mifflin Company Staff,2005
Space Science 2012,HOLT MCDOUGAL,2011
Space Science Set,Various Authors,2022
Space science projects,"Library of Congress. Science, Technology, and Business Division. Science Reference Services",2010
